name,city,state,country,website,description,tags,category
Timbercraft Tiny Homes,Guntersville,AL,USA,https://www.timbercrafttinyhomes.com,Known for their luxury tiny homes with craftsman-style design and attention to detail,"Luxury,THOW,Custom Builds",Manufacturer
Atkinson Cottages and Tiny Homes,Childersburg,AL,USA,https://www.atkinsoncottages.com,Offer affordable resort-style tiny homes with the comforts and luxury of traditional houses,"Park Models,Custom Builds",Manufacturer
Phoenix Building Solutions,Greenville,AL,USA,https://www.pbsmanufacturing.com,Manufacturer of tiny homes and park models emphasizing quality construction,"Park Models,Custom Builds",Manufacturer
Tiny Home South at The Paradise Found RV Park,Theodore,AL,USA,https://www.tinyhomessouth.com,Luxury RV and tiny home park experiences with designer park model floor plans,"Tiny Home Community,Park Models",Manufacturer
TINYCo Inc,Alabama,AL,USA,https://www.tinylivingco.com,Specializes in building container homes and tiny homes for affordable housing,"Container Homes,Tiny Homes",Manufacturer
OED Tiny Home Builders,Alabama,AL,USA,https://www.oedtinyhomebuilders.com,Focuses on custom-designed tiny homes and glamping retreats,"Custom Designs,Glamping Retreats",Manufacturer
Deer Valley Homebuilders,Guin,AL,USA,https://www.deervalleyhb.com,Source for top-quality manufactured homes emphasizing heavy-built construction,"Manufactured Homes,Modular Homes",Manufacturer
Stitt Construction,Alaska,AK,USA,https://www.stittak.com,Specializes in resilient innovative tiny homes tailored to Alaska's harsh climate,"Custom Builds,THOW,Alaska-Optimized",Manufacturer
Alaska Tiny Home,Alaska,AK,USA,https://www.alaskatinyhome.com,Builds modern tiny homes with fully integrated energy plumbing and HVAC systems,"Modern,Energy Systems,Custom Builds",Manufacturer
Farrell Homebuilding LLC,Anchorage,AK,USA,https://farrellhomebuilding.com,Offers thoughtfully designed energy-efficient tiny homes with aging-in-place features,"Energy-Efficient,Custom,Age-in-Place",Manufacturer
Second Growth Homes,Juneau,AK,USA,https://www.secondgrowthhomes.com,Focused on remote eco-friendly homes from design through construction,"Eco-Friendly,Remote Builds",Manufacturer
Pioneer Log Homes,Alaska,AK,USA,https://www.pioneerloghomesofbc.com,Uses cedar logs to create low-maintenance rustic tiny homes and cabins,"Rustic,Cedar,Customizable",Manufacturer
TinyHomer LLC,Homer,AK,USA,https://www.tinyhomer.com,Custom tiny homes built in Homer focused on quality finishes and creative carpentry,"Creative Carpentry,Custom Builds",Manufacturer
Arkose Tiny Homes,Palmer,AK,USA,https://www.arkosetinyhomes.com,Tiny home community on the edge of Hatcher Pass offering scenic views,"Tiny Home Community",Manufacturer
LuxTiny,Lakeside,AZ,USA,https://www.luxtiny.com,Combines tiny home community with in-house custom building services,"Tiny Home Community,Custom Builds,Off-Grid Options",Manufacturer
Cavco Park Models & Cabins,Arizona,AZ,USA,https://www.cavco.com,Large-scale manufacturer of park models and cabin-style tiny homes,"Park Models,Factory Built,Customizable",Manufacturer
Cornerstone Tiny Homes - AZ Division,Arizona,AZ,USA,https://www.cornerstonetinyhomes.com,Offers fully built and RVIA-certified tiny homes in Arizona and Florida,"THOW,Custom Builds,Dual State",Manufacturer
Factory Expo Park Models - Arizona,Arizona,AZ,USA,https://www.parkmodelsdirect.com,Major supplier of factory-built park models with customizable interiors,"Park Models,Custom Layouts",Manufacturer
Ozark Tiny House Outlet,Hot Springs,AR,USA,https://www.ozarktinyhouseoutlet.com,Offers finished tiny homes and park models for immediate delivery,"THOW,Park Models,Ready-to-Go Homes",Manufacturer
Liv3 Tiny Homes,Cabot,AR,USA,https://www.liv3tinyhomes.com,Designs space-efficient eco-friendly tiny homes with nationwide shipping,"Custom Builds,Nationwide Shipping,Eco-Friendly",Manufacturer
Providence Park,Pulaski County,AR,USA,https://www.pulaskicounty.net/providence-park,Master-planned neighborhood of micro cottages and environmentally friendly tiny homes,"Planned Tiny Home Community,Permanent Housing",Manufacturer
Ozark Home Center,Hot Springs,AR,USA,https://ozarkhomecenter.com,Offers range of manufactured and mobile homes including tiny home options,"Manufactured and Mobile Homes,Custom Options",Manufacturer
Little Cottage Co,Arkansas,AR,USA,https://www.cottagekits.com,Specializes in do-it-yourself outdoor structures and cottage kits,"DIY Cottage Kits,Outdoor Structures",Manufacturer
California Tiny House,Fresno,CA,USA,https://www.californiatinyhouse.com,Family company building RVIA-certified custom tiny homes on wheels,"THOW,Custom Builds,RVIA Certified",Manufacturer
Forever Tiny Homes,California,CA,USA,https://www.forevertinyhomes.com,Offers finished or shell tiny homes for DIYers or full customization,"Shells,DIY-Friendly,THOW",Manufacturer
Zen Tiny Homes,San Diego,CA,USA,https://www.zentinyhomes.com,San Diego's #1 tiny home builder offering fully customized tiny homes on wheels and ADUs,"Custom Designs,THOW,ADUs",Manufacturer
Central Coast Tiny Homes,California,CA,USA,https://cctinyhomes.com,Specializes in building tiny houses on wheels with one-story floor plans,"Expandable Designs,No Lofts,Custom Builds",Manufacturer
Tumbleweed Tiny House Company,California,CA,USA,https://tumbleweedhouses.com,One of the original tiny home builders offering eco-friendly tiny homes,"Pioneer Builder,Customizable Models",Manufacturer
Clever Tiny Homes,California,CA,USA,https://clevertinyhomes.com,Provides modern tiny homes on wheels with stunning designs at affordable prices,"High-End Designs,Affordable Pricing",Manufacturer
Mr. Tiny Homes,Murrieta,CA,USA,https://www.mrtinyhomesllc.com,Offers tiny manufactured homes and ADUs with modern features and customizable upgrades,"Manufactured Tiny Homes,ADUs,Nationwide Services",Manufacturer
Tiny Topanga,California,CA,USA,https://tinytopanga.com,Builds incredible tiny homes from California to Texas to Pennsylvania,"Custom Tiny Homes,Multiple States",Manufacturer
Sprout Tiny Homes,Pueblo,CO,USA,https://www.sprouttinyhomes.com,Works on both individual homes and full tiny home communities,"Prefab,Community-Oriented",Manufacturer
Frontier Tiny Homes,Colorado,CO,USA,https://frontiertinyhomes.com,Family-owned business specializing in high-quality luxurious tiny homes,"Luxury,Custom Builds,THOW",Manufacturer
Rocky Mountain Tiny Houses,Durango,CO,USA,https://rockymountaintinyhouses.com,Designs and builds quality tiny houses tailored for mountain living,"Custom Designs,THOW,Mountain-Ready",Manufacturer
Hensley Homes,Berthoud,CO,USA,https://www.hensley-homes.com,Specializes in luxury tiny houses and cargo conversion trailers,"Luxury,Custom Builds,Cargo Conversions",Manufacturer
Tiny Building Experts,Colorado Springs,CO,USA,https://tinybuildingexperts.com,Custom builders of certified tiny homes on wheels,"Certified,Custom Builds,THOW",Manufacturer
Tumbleweed Tiny House Company,Colorado Springs,CO,USA,https://tumbleweedhouses.com,Offers customizable certified tiny homes with focus on sustainability,"Pioneer Builder,Customizable Models,Certified",Manufacturer
Little Home Builder,Colorado,CO,USA,https://littlehomebuilder.com,Specializes in ADUs and tiny homes with knowledge of Colorado's zoning laws,"ADUs,Custom Designs,Local Expertise",Manufacturer
Backcountry Tiny Homes,Colorado,CO,USA,https://www.backcountrytinyhomes.com,Specializes in sustainable space-efficient tiny homes,"Eco-Friendly,THOW,Custom Builds",Manufacturer
Contemporary Tiny Homes,Connecticut,CT,USA,https://ctiny.homes,Specializes in designing and constructing ADUs from feasibility studies to final construction,"Custom ADUs,Full-Service Design & Build",Manufacturer
Tiny Foundations Northeast LLC,Connecticut,CT,USA,https://tinyfoundations.com,Family-owned business offering foundational trailers custom steel framing kits and complete turn-key tiny home builds,"Tiny Home Foundations,Steel Framing Kits,Turn-Key Builds",Manufacturer
Brady-Built Tiny Houses,Connecticut,CT,USA,https://www.tinyhousesbybrady.com,Offers customizable tiny houses in various sizes including RV-style and stationary homes,"Custom Tiny Houses,Park Models,Stationary Homes",Manufacturer
Movable Roots,Florida,FL,USA,https://www.movableroots.com,Florida-based builder offering high-end tiny homes tailored to each client,"Luxury,Custom Builds,THOW",Manufacturer
Cornerstone Tiny Homes,Longwood,FL,USA,https://www.cornerstonetinyhomes.com,Family-owned company providing full builds and DIY shell options,"Custom Builds,Shells Available",Manufacturer
Tiny House Building Company,Virginia,VA,USA,https://www.tinyhousebuildingcompany.com,Delivers custom tiny homes to Florida and all over the U.S.,"THOW,RVIA Certified,Nationwide Delivery",Manufacturer
Florida Made Tiny Homes,Orlando,FL,USA,https://floridamadetinyhomes.com,Specializes in detached ADUs and garage conversions tailored to Florida zoning,"ADUs,Garage Conversions,Detached Units",Manufacturer
Florida Tiny House Builders,Fellsmere,FL,USA,https://floridatinyhousebuilders.com,Offers custom tiny house plans and builds with RVIA-style certifications,"Custom Tiny Homes,Delivery Available",Manufacturer
Tiny Homes by Design,Tampa,FL,USA,https://tinyhomesbydesign.com,Constructs permanent foundation tiny homes that meet Florida's hurricane codes,"Hurricane-Resistant,Concrete Foundation Builds",Manufacturer
Mustard Seed Tiny Homes,Atlanta,GA,USA,https://www.mustardseedtinyhomes.com,Offers modern tiny homes on wheels and foundation-based modular units,"Custom Builds,Shells,Modular",Manufacturer
Dragon Tiny Homes,Snellville,GA,USA,https://dragontinyhomes.com,Boasts largest indoor tiny home construction facility in Georgia,"Custom Tiny Homes,Largest Indoor Facility in Georgia",Manufacturer
Live Big Tiny Homes,Atlanta,GA,USA,https://livebigtinyhomes.com,Specializes in ADUs and backyard offices with excellent craftsmanship,"Custom ADUs,Backyard Offices,Transparent Pricing",Manufacturer
Homestead Tiny House Co,Williston,GA,USA,https://www.homesteadtinyhomes.com,Designs and builds NOAH-certified tiny homes,"NOAH-Certified Tiny Homes,Variety of Models",Manufacturer
River Ridge Escapes,Georgia,GA,USA,https://riverridgeescapes.com,Offers tiny homes and has several tiny home communities in North Georgia mountains,"Tiny Home Communities,Nationwide Shipping",Manufacturer
Heritage Housing,Atlanta,GA,USA,https://heritagehousing.net,Focuses on customer satisfaction offering wide array of new mobile and tiny homes,"Tiny Homes,Mobile Homes,Customer-Focused",Manufacturer
Tiny Pacific Houses,Hawaii,HI,USA,https://www.tinypacifichouses.com,One of Hawaii's most active tiny house builders offering fully outfitted homes,"THOW,Custom Builds,Delivery Across Islands",Manufacturer
Aloha Tiny Hales,Wailuku,HI,USA,https://www.alohatinyhales.com,Offers customizable portable tiny homes designed for off-grid living,"Custom Tiny Homes,Portable,Off-Grid Options",Manufacturer
Habitats Hawaii,Big Island,HI,USA,https://www.habitatshawaii.com,Specializes in sustainable tiny homes that are solar-ready,"Sustainable Tiny Homes,Custom Designs,Solar-Ready",Manufacturer
Super Tiny Homes Hawaii,Honolulu,HI,USA,https://www.supertinyhomeshawaii.com,Focuses on alternative environmentally friendly permit-free affordable off-the-grid housing,"Custom Creative Building,Off-Grid Solutions",Manufacturer
Maui Eco Built,Pukalani,HI,USA,https://www.mauiecobuilt.com,Leading builder of affordable tiny houses and prefabricated modular homes,"Affordable Tiny Houses,Prefabricated Modular Homes",Manufacturer
Mandala Eco Homes,Paia,HI,USA,https://www.mandalaecohomes.com,Offers prefabricated kit homes that can be delivered worldwide,"Prefab Kit Homes,Sustainable Materials",Manufacturer
AAA Tiny Home Consultants LLC,Maui,HI,USA,https://www.aaatinyhomes.com,Offers broad range of tiny homes including custom builds prefabs container homes,"Wide Selection,Affordable Housing Solutions",Manufacturer
Castleblock,Hawaii,HI,USA,https://castleblock.com,Offers over forty house plans ranging from tiny homes to five-bedroom houses,"Custom & Package Houses,Tiny to Large Homes",Manufacturer
Paradise Tiny Homes,Hawaii,HI,USA,https://www.paradisetinyhomes.com,Specializes in eco-friendly home designs and offers brand-new custom constructions,"Eco-Friendly Designs,Custom Construction",Manufacturer
Tiny Idahomes,Caldwell,ID,USA,https://www.tinyidahomes.com,Offers highly customizable tiny homes fifth wheels and park models,"THOW,RVIA Certified,Custom Builds",Manufacturer
Wheelhaus,Idaho,ID,USA,https://www.wheelhaus.com,Specializes in high-end modular tiny homes and cabins,"Luxury,Modular,Park Models",Manufacturer
Snake River Tiny Homes,Rigby,ID,USA,https://snakerivertinyhomes.com,Offers range of tiny houses and park models with green building practices,"Tiny Houses,Park Models,Green Building Practices",Manufacturer
Idacore Homes,Horseshoe Bend,ID,USA,https://idacorehomes.com,Provides tiny cottages and modular homes with light steel construction,"Tiny Cottages,Modular Homes,Steel Construction",Manufacturer
Southern Idaho Tiny Homes,Twin Falls,ID,USA,https://southernidahotinyhomes.com,Specializes in crafting energy-efficient tiny homes built to last over 50 years,"Custom Tiny Homes,Energy-Efficient,Durable Construction",Manufacturer
Great Homes of Idaho Inc,Post Falls,ID,USA,https://www.greathomesofidaho.com/tiny-homes,Offers selection of tiny homes under 700 square feet,"Tiny Homes Under 700 sq ft,Manufactured and Modular Options",Manufacturer
Imagine Tiny Homes,Idaho,ID,USA,https://www.imaginetinyhomes.com,Tailors each project to client needs whether for forever home vacation home rental or office,"Custom Tiny Homes,Personalized Design Services",Manufacturer
Bigwood Tiny Homes,Hailey,ID,USA,https://www.bigwoodtinyhomes.com,Specializes in constructing high-performance tiny homes with modular building approach,"High-Performance Tiny Homes,Modular Design,Sustainability Focused",Manufacturer
Modern Tiny Living,Ohio,OH,USA,https://www.moderntinyliving.com,Frequently serves Illinois customers with beautifully designed customizable tiny homes,"THOW,Custom Builds,Luxury",Manufacturer
Bantam Built,Elgin,IL,USA,https://tinyhouseme.com,Specializes in crafting custom tiny homes on wheels tailored to individual preferences,"Custom Tiny Homes on Wheels,Functional Designs",Manufacturer
Switchgrass Tiny Homes,Champaign,IL,USA,https://www.facebook.com/switchgrasstinyhomes,Offers custom-built tiny homes designed from the ground up,"Custom Built Tiny Homes,Unique Designs",Manufacturer
New Energy Homes,Nappanee,IN,USA,https://newenergybuilding.com,Specializes in energy-efficient tiny homes,"Energy-Efficient Tiny Homes,Innovative Designs",Manufacturer
Timeless Tiny Homes,Charlestown,IN,USA,https://mytimelesstinyhome.com,Specializes in designing and building custom tiny homes and ADUs,"Accessory Dwelling Units,Custom Tiny Homes",Manufacturer
Liberty Tiny Homes,Indiana,IN,USA,https://libertytinyhomes.com,Premier dealer offering range of move-in ready tiny homes and park model RVs,"Tiny Homes and Park Model RVs,Customizable Options",Manufacturer
Tiny Homes Designs,Charlestown,IN,USA,https://www.tinyhomesdesigns.com,Specializes in building custom tiny homes that maximize space and functionality,"Custom Tiny Homes,Innovative Designs",Manufacturer
Clear Creek Homes,Bloomington,IN,USA,https://www.indianamodular.com,Specializes in modular construction to simplify home building process,"Modular Construction,Simplified Building Process",Manufacturer
Tiny Homes of Iowa,Urbandale,IA,USA,https://tinyhomesofiowa.com,Specializes in designing and building custom ADUs with comprehensive turnkey experience,"Custom ADUs,Personalized Designs,Turnkey Solutions",Manufacturer
Zenith Design + Build,Des Moines,IA,USA,https://zenithdesignbuild.com,Offers custom-built tiny homes that combine quality comfort and modern style,"Custom Tiny Homes,Luxury Designs,Award-Winning Builder",Manufacturer
Davis Custom Homes,Iowa,IA,USA,https://davis-custom-homes.com,Provides tiny homes designed to offer all necessary amenities without high costs,"Affordable Tiny Homes,Efficient Use of Space,Essential Amenities",Manufacturer
Kingdom Tiny Homes,Wichita,KS,USA,https://kingdomtinyhomes.com,Offers fully customizable tiny homes tailored to individual lifestyles,"Customizable Tiny Homes,Sustainable Options",Manufacturer
Kaiser Tiny Homes,St. Marys,KS,USA,https://kaisertinyhomes.com,Dedicated to quality and integrity offering personalized customer experiences,"Certified Tiny Home Manufacturer,Personalized Customer Experience",Manufacturer
D&M Mini Barns,Garnett,KS,USA,https://www.dmminibarns.com,Presents diverse collection of tiny houses designed to meet various lifestyles,"Customizable Tiny Homes,Diverse Design Options",Manufacturer
Ky Tiny Homes,Nicholasville,KY,USA,https://kytinyhomes.com,Creates fully customized tiny homes on wheels with personalized layouts,"Custom Builds,THOW,Personal Designs",Manufacturer
Keystone Tiny Homes - NKY Division,Northern Kentucky,KY,USA,https://www.keystonetinyhomes.com,Specializes in backyard ADUs and detached structures,"ADUs,Garage Conversions,Detached Units",Manufacturer
Mighty Small Homes,Louisville,KY,USA,https://www.mightysmallhomes.com,Provider of pre-cut tiny home kits with modern ranch and cottage-style designs,"Tiny Home Kits,DIY-Friendly,Multiple Layouts",Manufacturer
Amish Made Cabins,Shepherdsville,KY,USA,https://amishmadecabins.com,Builds modular cabin-style tiny homes with customizable finishes,"Modular,Customizable,Rustic Style",Manufacturer
Custom Landscape and Remodeling,Scottsville,KY,USA,https://www.customlandscapeandremodeling.com,Builds tiny homes from the ground up with full-service design and construction,"Turnkey Builds,Custom Layouts",Manufacturer
Timberline Barns,Maysville,KY,USA,https://www.timberlinebarns.com,Offers rustic tiny cabins and barns with focus on efficient space,"Rustic Builds,Minimalist,Prefab",Manufacturer
Cajun Bungalows,Moss Bluff,LA,USA,https://www.cajunbungalows.com,Specializes in charming bungalows with Louisiana flair,"THOW,Southern Style,Custom Builds",Manufacturer
Elite Tiny Homes,Houma,LA,USA,https://www.elitetinyhomes.com,Offers custom one-of-a-kind tiny homes featuring reclaimed cypress woodworking,"Custom Tiny Homes,Reclaimed Cypress Woodwork",Manufacturer
GEMCO Building Systems,Shreveport,LA,USA,https://gemco.biz,Manufactures portable tiny homes with customizable options,"Portable Tiny Homes,Prefabricated Lodgings",Manufacturer
Atchafalaya Homes,Louisiana,LA,USA,https://www.atchafalayahomes.com,Offers range of manufactured and modular tiny homes,"Manufactured and Modular Tiny Homes",Manufacturer
Tiny Homes of Maine,Dyer Brook,ME,USA,https://www.tinyhomesofmaine.com,Builds fully customizable tiny homes on wheels and ADUs for cold climates,"THOW,Off-Grid,Custom Builds",Manufacturer
Maine Sunworks,Portland,ME,USA,https://mainesunworks.com/small-house,Offers small energy-efficient homes with green building practices,"Eco-Friendly,Small Home Designs,Solar Integration",Manufacturer
Backyard ADUs,Maine,ME,USA,https://backyardadus.com,Handles everything from design to permits for backyard tiny homes and ADUs,"Custom ADUs,Full-Service Builds",Manufacturer
Hobbitat Spaces,Oakland,MD,USA,https://hobbitatspaces.com,Builds handcrafted tiny homes using reclaimed wood and energy-efficient techniques,"Custom Builds,Sustainable Materials,Unique Designs",Manufacturer
Pure Simplicity Tiny House,Annapolis,MD,USA,https://puresimplicity-tinyhouse.com,Focuses on luxury tiny homes on wheels with modern amenities,"THOW,Custom Designs,High-End Finishes",Manufacturer
J.D. Michael Construction,Maryland,MD,USA,https://jdmichaelconstruction.com/tiny-house-construction,Offers tiny home builds and conversions with experience in small space remodeling,"Custom Tiny Homes,Local Builds,Remodeling",Manufacturer
Universal Structures by MD Barnmaster,Maryland,MD,USA,https://mdbarnmaster.com/tiny-homes,Offers prefab tiny home models with customization options,"Prefab Tiny Homes,Multiple Models",Manufacturer
B&B Tiny Houses,North Adams,MA,USA,https://bbtinyhouses.com,Builds custom-designed tiny homes and park models,"Custom Builds,THOW,Outdoor Hospitality Solutions",Manufacturer
Tiny Houses by Brady-Built,Auburn,MA,USA,https://tinyhousesbybrady.com,Crafts premium hand-built tiny homes,"High-Quality Craftsmanship,Custom Designs,Regional Delivery",Manufacturer
Mass Tiny Homes,Massachusetts,MA,USA,https://matinyhome.com,Builds stick-built units that blend with existing home,"ADUs,Garage Conversions,Backyard Units",Manufacturer
Backyard ADUs,Massachusetts,MA,USA,https://backyardadus.com,Offers full-service ADU and small home builds from permitting to move-in,"Design-Build,Permitting,Custom ADUs",Manufacturer
NE Tiny Homes,Massachusetts,MA,USA,https://netinyhomes.com,Provides affordable tiny homes built on your property,"On-Site Builds,Affordable Tiny Homes,Full Customization",Manufacturer
Beechwood Tiny Homes,Massachusetts,MA,USA,https://beechwoodtinyhomes.com,Builds both on-wheel and foundation-based tiny homes,"THOW & Foundation,NOAH Certified,Custom Builds",Manufacturer
Great Lakes Tiny Home,Michigan,MI,USA,https://www.greatlakestinyhome.com,Specializes in custom-built tiny houses on wheels adhering to RVIA certification,"Custom Builds,THOW,RVIA Certified",Manufacturer
Cool Tiny Homes,Michigan,MI,USA,https://www.cooltinyhomes.com,Focuses on delivering customizable tiny homes using locally sourced materials,"Custom Tiny Homes,Locally Sourced Materials,Sustainable Builds",Manufacturer
Schrock Custom Design LLC,Northern Michigan,MI,USA,https://schrockcustomdesign.com,Designs and builds custom tiny houses tailored for Northern Michigan climate,"Custom Tiny Houses,Northern Climate Adapted,Quality Materials",Manufacturer
Northwood Tiny Homes,Michigan,MI,USA,https://northwoodtinyhomes.com,Specializes in creating detached ADUs and tiny homes with on-site construction,"Detached ADUs,On-Site Construction,Streamlined Process",Manufacturer
Ultimate Sheds & Tiny Houses of Michigan,West Branch,MI,USA,https://www.ultimateshedsandtinyhousesofmichigan.com,Specializes in custom tiny houses and sheds,"Custom Tiny Homes,Sheds,Personalized Builds",Manufacturer
Perch & Nest,Minnesota,MN,USA,https://www.perchandnest.com,Creates tiny homes with farmhouse-modern aesthetic,"THOW,Modern Design",Manufacturer
ESCAPE Traveler,Minnesota,MN,USA,https://www.escapetraveler.net,Popular nationally known brand building sleek modern tiny homes,"Luxury,Park Models,THOW",Manufacturer
Dynamic Homes LLC,Detroit Lakes,MN,USA,https://dynamichomes.com,Specializes in customized modular tiny homes,"Custom Modular Tiny Homes,Established Since 1970",Manufacturer
Ideal Homes,Barnum,MN,USA,https://newidealhomes.com,Offers high-end custom tiny homes with comprehensive planning and building services,"Custom Tiny Home Models,Full-Service Dealer",Manufacturer
JB Home Improvers Inc,Monticello,MN,USA,https://www.jbhomeimprovers.com,Specializes in designing and constructing tiny homes,"Tiny Home Construction,Remodeling Services",Manufacturer
YardHomesMN,Minneapolis,MN,USA,https://yardhomesmn.com,Provides pre-designed pre-engineered and pre-fabricated modular tiny homes,"Panelized Compact Homes,Prefabricated Modular Tiny Homes",Manufacturer
Northern Builder Co-op LLC,St. Michael,MN,USA,https://www.northernbuilderco-op.com,Offers expert tiny home construction services,"Custom Tiny Homes,Sustainable Living",Manufacturer
XtremeADU LLC,Lake Benton,MN,USA,https://www.xtremeadu.com,Provides modular tiny homes and prefabricated ADUs,"Modular Tiny Homes,Prefabricated ADUs",Manufacturer
Dickinson Homes,Iron Mountain,MN,USA,https://dickinsonhomes.com,Designs builds and delivers custom modular tiny homes,"Custom Modular Tiny Homes,Delivery to Minnesota",Manufacturer
Shivers Buildings,Yazoo City,MS,USA,https://shiversbuildings.com,Family-owned manufacturer offering customizable tiny homes and portable buildings,"Custom Tiny Homes,Portable Buildings,Family-Owned",Manufacturer
Bulldog Buildings LLC,Columbus,MS,USA,https://www.bulldogbuildingsms.com,Provides range of custom tiny home designs with various financing options,"Custom Tiny Homes,Financing Options,Full-Service Builder",Manufacturer
Probuilt Buildings,Mt. Olive,MS,USA,https://probuiltbuildings.com,Specializes in high-quality customizable tiny homes,"Customizable Tiny Homes,Sustainable Practices,Affordable Solutions",Manufacturer
United Portable Buildings,Lyon,MS,USA,https://www.goupb.com,Offers portable tiny homes with customizable features,"Portable Tiny Homes,Custom Designs,Five-Year Warranty",Manufacturer
Heard's Portable Buildings,Macon,MS,USA,https://www.heardsbuildings.com,Provides variety of portable tiny homes ensuring quality materials,"Portable Tiny Homes,Delivery and Installation,Quality Materials",Manufacturer
Snyder's Buildings,McComb,MS,USA,https://snydersportablebuildings.com,Offers custom-built tiny homes with standard amenities and customizable options,"Custom Built Tiny Homes,Various Sizes,Standard Features",Manufacturer
Kool N Hip Tiny Homes,Mississippi,MS,USA,https://koolnhiptinyhomes.com,Crafts unique and affordable tiny home solutions,"Unique Designs,Affordable Solutions,Sustainable Building",Manufacturer
MS Tiny Homes,Mississippi,MS,USA,https://mstinyhomes.com,Designs and builds custom tiny homes tailored for various needs,"Custom Tiny Homes,Design Services,Personalized Builds",Manufacturer
Mini Mansions Tiny Home Builders,St. Peters,MO,USA,https://www.minimansionstinyhomebuilders.com,Custom-built tiny homes with options tailored for families and pets,"THOW,Custom Builds,Pet-Friendly",Manufacturer
Chateau Homes,Ashland,MO,USA,https://www.chateauhomes.net,Offers high-end modular tiny homes,"Modular Tiny Homes,Custom Designs,Quick Construction",Manufacturer
Archie Park Models,Archie,MO,USA,https://www.archiervpark.com,Provides variety of customization options for tiny homes cabins and park models,"Affordable Tiny Homes,Custom Floor Plans,Starting at $25000",Manufacturer
Tiny Homes Missouri,Missouri,MO,USA,https://tinyhomesmo.com,Offers innovative collections of smart tiny floor plans,"Luxury Park Models,Smart Floor Plans,Recreational Use",Manufacturer
Tiny Homes Co LLC,Missouri,MO,USA,https://www.tinyhomescompany.com,Family-owned business specializing in top-quality workmanship,"Family-Owned,Custom Tiny Homes,Quality Craftsmanship",Manufacturer
Tiny House Dreaming,Festus,MO,USA,https://www.tinyhousedreaming.com,Focuses on crafting homes and nurturing futures,"Custom Tiny Homes,Investment Opportunities,Portable Buildings",Manufacturer
RCK Custom Homes,Lebanon,MO,USA,https://www.rckcustomhomes.com,Offers custom tiny homes decks metal buildings and storage barns,"Custom Tiny Homes,Decks,Metal Buildings",Manufacturer
Davis Custom Homes,Missouri,MO,USA,https://davis-custom-homes.com,Designs tiny homes that provide all necessary amenities without high costs,"Tiny Homes with Amenities,Affordable Solutions",Manufacturer
Woodland Ridge Tiny Home Crafters,Montana,MT,USA,https://tinyhomecrafters.com,Specializes in luxury tiny homes with excellent workmanship,"Luxury Tiny Homes,Custom Builds,Exceptional Craftsmanship",Manufacturer
Tiny Homes of Montana,Montana,MT,USA,https://tinyhomesofmontana.com,Offers premium tiny homes with customizable features and nationwide delivery,"Premium Tiny Homes,Customizable Options,Nationwide Delivery",Manufacturer
Great Homes Inc,Missoula,MT,USA,https://www.greathomesinc.com,Provides selection of tiny homes under 700 square feet,"Manufactured and Modular Tiny Homes,Under 700 sq ft,Custom Floor Plans",Manufacturer
ARCH 406,Billings,MT,USA,https://www.arch406mt.com,Specializes in residential solutions including small footprint homes,"Design-Build Contractor,Small Footprint Homes,Custom Solutions",Manufacturer
Teacup Tiny Homes,Montana,MT,USA,https://www.teacuptinyhomes.com,Builds mobile tiny home RVs providing freedom and flexibility,"Mobile Tiny Home RVs,Custom Designs,Flexible Living",Manufacturer
Heritage Homes of Nebraska,Wayne,NE,USA,https://heritagehomesofne.com,Offers modular tiny homes with customizable floor plans,"Modular Tiny Homes,Customizable Designs,Energy Efficient",Manufacturer
Davis Custom Homes,Nebraska,NE,USA,https://davis-custom-homes.com/tiny-homes,Designs and builds tiny homes that provide all necessary amenities,"Custom Tiny Homes,Affordable Solutions,Versatile Uses",Manufacturer
NE Tiny Homes,Nebraska,NE,USA,https://netinyhomes.com,Specializes in constructing detached and attached tiny homes,"Detached Tiny Homes,Attached Tiny Homes,Garage Conversions",Manufacturer
Zion's Tiny Homes,Utah,UT,USA,https://www.zionstinyhomes.com,Offers high-end tiny homes with delivery across Southwest,"Luxury,THOW,Park Models",Manufacturer
Silver State Tiny Homes,Reno,NV,USA,https://www.silverstatetinyhomes.com,Builds custom ADUs and tiny homes from ground up,"Custom Builds,ADUs,Permitting Support",Manufacturer
Alternative Living Spaces,Las Vegas,NV,USA,https://www.alternativelivingspaces.com,Transforms shipping containers into luxury tiny homes offices and rental units,"Shipping Container Homes,Sustainable,Modern",Manufacturer
BOXABL,Las Vegas,NV,USA,https://www.boxabl.com,Known for the Casita - foldable transportable modular home,"Modular,Foldable,Innovative Construction",Manufacturer
B&B Tiny Houses,New Hampshire,NH,USA,https://www.bbtinyhouses.com,One of New England's top tiny home companies,"Modular,Custom Builds",Manufacturer
Backcountry Tiny Homes,Hampstead,NH,USA,https://www.backcountrytinyhomes.com,Woman-owned company specializing in mobile tiny home design and construction,"Custom Builds,THOW,Engineering Expertise",Manufacturer
Kinstruct Tiny Homes,New Hampshire,NH,USA,https://www.kinstructtinyhomes.com,Focuses on building ADUs and standalone tiny homes,"ADUs,Custom Designs,On-Site Construction",Manufacturer
Merrimac Log Homes,New Hampshire,NH,USA,https://www.merrimacloghomes.com,Specializing in custom-built log cabin tiny homes,"Log Cabin Style,Custom Builds,Rustic Aesthetic",Manufacturer
Shelter-Kit,Warner,NH,USA,https://www.shelter-kit.com,Offers customizable tiny home kits designed for DIY assembly,"DIY Kits,Customizable Designs,Nationwide Shipping",Manufacturer
Davis Frame Company,Claremont,NH,USA,https://www.davisframe.com,Specializes in custom timber and panelized tiny homes,"Timber Frame,Panelized Homes,Custom Designs",Manufacturer
Beechwood Tiny Homes,New England,NH,USA,https://beechwoodtinyhomes.com,Builds custom NOAH-certified tiny homes on wheels and foundation-based units,"THOW & Foundation,NOAH Certified,Custom Builds",Manufacturer
Tiny House Building Company,Virginia,VA,USA,https://www.tinyhousebuildingcompany.com,Frequently serves New Jersey and Northeast with custom RVIA-certified tiny homes,"THOW,RVIA Certified,Custom Builds",Manufacturer
MS Tiny Homes,New Jersey,NJ,USA,https://mstinyhomes.com,Offers custom designs and guidance for tiny home builders,"Custom Builds,Design Services,DIY Support",Manufacturer
Gambrick Construction,Point Pleasant,NJ,USA,https://gambrick.com/modern-tiny-housee-builder,Designs and builds custom tiny houses with energy efficiency focus,"Custom Tiny Homes,Energy Efficient,High-End Finishes",Manufacturer
The McMullin Design Group,Haddonfield,NJ,USA,https://www.themcmullindesigngroup.com,Specializes in designing custom tiny homes with beach aesthetic,"Custom Tiny Homes,Beach-Themed Designs,Interior Design Expertise",Manufacturer
Cornerstone Tiny Homes,Florida,FL,USA,https://www.cornerstonetinyhomes.com,Offers delivery of custom tiny homes to New Mexico and Southwest,"Custom Builds,Delivery Available",Manufacturer
Martinez Casitas,Albuquerque,NM,USA,https://martinezcasitas.com,Specializes in crafting custom tiny houses on wheels,"Custom Builds,THOW,Off-Grid Options",Manufacturer
LivLab Studios,Albuquerque,NM,USA,https://www.livlabstudios.com,Focuses on compact modular homes and ADUs,"Modular Homes,ADUs,Sustainable Design",Manufacturer
Cavco Home Center,Flora Vista,NM,USA,https://www.cavcohomes.com,Offers range of manufactured and modular tiny homes,"Manufactured & Modular Homes,Custom Features",Manufacturer
Upstate Tiny Homes,Brunswick,NY,USA,https://www.upstatetinyhomes.com,Premier dealer offering upscale and customizable park model tiny homes,"Park Model Homes,Customizable Designs,Delivery in New England",Manufacturer
Hudson River Tiny Homes,Valatie,NY,USA,https://www.hudsonrivertinyhomes.com,Specializes in designing and building custom tiny houses on wheels,"Custom Builds,THOW,Shell Options",Manufacturer
Pine Crest Tiny Homes,Chautauqua County,NY,USA,https://www.pinecresttinyhomes.com,Provides custom-built tiny homes tailored for homeowners and investors,"Custom Builds,Investor-Friendly,Stylish Designs",Manufacturer
Bear Creek Tiny Houses,Adirondacks,NY,USA,https://bearcreektinyhouses.com,Offers tiny houses on wheels mini cabins and prefabricated structures,"THOW,Cabins,Prefabricated Options",Manufacturer
GDR Cabins and Tiny Homes,Western New York,NY,USA,https://gdrcabinsandtinyhomes.com/tiny-homes,Offers tiny homes and insulated cabins with NY State-certified engineer drawings,"Certified Tiny Homes,Engineer Drawings,Insulated Cabins",Manufacturer
Catskills Tiny House Workshop,Livingston Manor,NY,USA,https://www.catskillstinyhouseworkshop.com,Provides workshops teaching individuals how to design and build tiny homes,"Educational Workshops,Hands-On Building Experience",Manufacturer
Perch & Nest,Winston-Salem,NC,USA,https://www.perchandnest.com,Known for light-filled stylish custom tiny homes on wheels,"Custom Builds,Farmhouse Style,THOW",Manufacturer
Wishbone Tiny Homes,Asheville,NC,USA,https://wishbonetinyhomes.com,Family-owned business specializing in building small homes on foundations,"Custom Builds,Small Footprint Homes,Energy Efficient",Manufacturer
Nanostead,Marshall,NC,USA,https://www.nanostead.com,Designs and builds sustainable custom tiny homes in Western North Carolina,"Sustainable Designs,Custom Builds,Tiny Homes on Wheels",Manufacturer
Still Waters Tiny Homes,Charlotte,NC,USA,https://stillwaterstinyhomes.com,Provides on-site construction of tiny homes and ADUs,"On-Site Construction,ADUs,Custom Designs",Manufacturer
Tiny Home Sales,Sylva,NC,USA,https://tinyhomesales.com,Offers RV Park Model Homes built to ANSI 119.5 code,"Park Model Homes,RVIA Certified,Elegant Designs",Manufacturer
Dakota Cabins LLC,Jamestown,ND,USA,https://dakcab.com,Specializes in crafting custom tiny homes ADUs and cabins,"Custom Tiny Homes,ADUs,Cabins",Manufacturer
Liechty Homes,Minot,ND,USA,https://www.liechtyhomes.com,Offers variety of manufactured and modular homes including tiny home options,"Manufactured & Modular Homes,Custom Options",Manufacturer
Modern Tiny Living,Columbus,OH,USA,https://www.moderntinyliving.com,Builds stylish and functional tiny homes with strong design expertise,"Custom Builds,THOW,Architectural Design",Manufacturer
Maverick Tiny Homes,New Paris,OH,USA,https://mavericktinyhomes.com,Crafts contemporary farmhouse-style tiny homes,"Farmhouse Style,Advocacy-Focused,Custom Builds",Manufacturer
Rulaco Tiny Homes,Columbus,OH,USA,https://www.rulacotinyhomes.com,Offers sustainably built NOAH-certified tiny homes,"Eco-Friendly,NOAH Certified,Custom Designs",Manufacturer
Tiny Homes of Ohio,Dundee,OH,USA,https://www.tinyhomesofohio.com,Builds compact mobile tiny homes featuring full amenities,"Travel Trailers,Amish Craftsmanship,Turnkey",Manufacturer
Hartville Outdoor Products,Hartville,OH,USA,https://hartvilleoutdoorproducts.com/tiny-homes-2,Offers prefabricated tiny homes and cabins,"Prefab Tiny Homes,Move-In Ready,Budget-Friendly",Manufacturer
Weaver Barns,Sugarcreek,OH,USA,https://www.weaverbarns.com/products/homes,Builds prefab cabins and small homes,"Rustic Cabins,Modular Homes,Custom Options",Manufacturer
Casita Tiny Home Builders,Cincinnati,OH,USA,https://www.casitahomebuilders.com,Creates small ADUs and modern backyard homes,"ADUs,Rental Units,Home Offices",Manufacturer
Good Builders Inc,Logan,OH,USA,https://www.goodbuilderslogan.com/tiny-house-builders,Builds durable tiny homes and cabins,"Tiny Homes & Cabins,Delivery in Ohio,Custom Layouts",Manufacturer
Cornerstone Tiny Homes,Guthrie,OK,USA,https://www.cornerstonetinyhomesok.com,Family-owned company specializing in innovative lightweight energy-efficient custom tiny homes,"Custom Builds,Lightweight Construction,High Efficiency",Manufacturer
Old Country Building Sales,Muskogee,OK,USA,https://www.ocbuildingsales.com/buildings/tiny-homes,Creates custom tiny homes using durable metal building materials,"Custom Metal Tiny Homes,Full Amenities,Energy Efficient",Manufacturer
Stone Creek Homes,Ada,OK,USA,https://www.stonecreekhomesada.com,Provides tiny homes constructed to RV standards,"Tiny Homes Built to ANSI A119.5 RV Code,Full Kitchens,Designer Features",Manufacturer
Metro Building Outlet,Broken Arrow,OK,USA,https://www.metrobuildingoutlet.com/barns/cabin-catalog,Provides variety of utility cabins that can be used as tiny homes or offices,"Prefab Utility Cabins,Tiny Homes,Offices",Manufacturer
Oregon Cottage Company,Eugene,OR,USA,https://oregoncottagecompany.net,Specializes in crafting custom tiny homes on wheels with focus on sustainability,"Custom Builds,Sustainable Design,THOW",Manufacturer
Tru Form Tiny,Eugene,OR,USA,https://truformtiny.com,Offers luxury tiny homes with customizable designs,"Luxury Tiny Homes,Custom Designs,RVIA Certified",Manufacturer
Tiny Heirloom,Portland,OR,USA,https://www.tinyheirloom.com,National industry-leading tiny home builder known for luxury custom tiny houses,"Custom Builds,Commercial Projects,Nationwide Delivery",Manufacturer
Spindrift Homes,Bend,OR,USA,https://spindrifthomes.com,Builds handcrafted tiny homes on wheels focusing on sustainability,"Custom Tiny Homes,Sustainable Materials,THOW",Manufacturer
Stanley Tiny Homes,Portland,OR,USA,https://stanleytinyhomes.com,Only 100% custom tiny home builder in Pacific Northwest,"Fully Custom Builds,Community-Focused,Affordable Housing",Manufacturer
Tiny Mountain Houses,Silverton,OR,USA,https://www.tinymountainhouses.com,Provides quality custom-built RVs offering variety of styles and sizes,"Custom RVs,ANSI/NFPA Certified,Various Styles",Manufacturer
Dufur Tiny Homes,Dufur,OR,USA,https://dufurtinyhomes.com,Focuses on building tiny homes designed for high snowfall areas,"Superior Construction,NOAH Certified,Custom Trailers",Manufacturer
Green Modern Kits,Pennsylvania,PA,USA,https://www.greenmodernkits.com,Offers prefab tiny homes and cabins with focus on energy-efficient construction,"Prefab,Eco-Friendly",Manufacturer
Trailside Structures LLC,Mill Hall,PA,USA,https://trailsidestructures.com,Specializes in high-quality rustic furniture storage structures and modular cabins,"Rustic Cabins,Modular Designs,Custom Builds",Manufacturer
Lebanon Valley Homes,Palmyra,PA,USA,https://www.lebanonvalleyhomes.com,Has over 50 years of experience creating affordable high-quality tiny homes,"Affordable Housing,Energy-Efficient Features,Full-Service Offerings",Manufacturer
Comak Tiny Homes,Gordonville,PA,USA,https://www.comaktinyhomes.com,Offers efficient sustainable and unique small-living design solutions,"Sustainable Designs,Custom Builds,Energy Efficiency",Manufacturer
Liberation Tiny Homes,Leola,PA,USA,https://www.liberationtinyhomes.com,Provides variety of services including design and permitting,"Custom Builds,Modern Designs,Shell Options",Manufacturer
Kintner Modular Homes,Tunkhannock,PA,USA,https://kmhi.com/custom-modular-homes/tiny-home-living-by-kintner-homes,Specializes in both custom modular homes and turnkey modular houses,"Custom Modular Homes,Turnkey Solutions,Decades of Experience",Manufacturer
TinyLux Homes,Pennsylvania,PA,USA,https://tinyluxhomes.net,Focuses on providing affordable cottages cabins tiny homes and modular homes,"Affordable Cottages,Cabins,Modular Homes",Manufacturer
Rustic Tiny Home,Pennsylvania,PA,USA,https://rustictinyhome.com,Offers handcrafted tiny homes built by local Amish carpenters,"Handcrafted Tiny Homes,Amish Craftsmanship,Customizable Designs",Manufacturer
ATOMIC Homes,Pennsylvania,PA,USA,https://atomictinyhomes.com,Builds quality Park Model RV tiny homes that exceed ANSI 119.5 code,"Park Model RV Tiny Homes,High R-Values,Nationwide Shipping",Manufacturer
Tiny Estates,Lancaster,PA,USA,https://tiny-estates.com,Tiny house community offering both nightly and long-term stays,"Tiny House Community,Nightly & Long-Term Stays,Home Placement Services",Manufacturer
Rhode Island Modular,Rhode Island,RI,USA,https://www.rhodeislandmodular.com,Specializes in modular housing solutions including small prefab homes,"Modular,Prefab,Small Homes",Manufacturer
Cam Builds,Saunderstown,RI,USA,https://cam-builds.com/about-1,Specializes in designing and constructing custom tiny houses,"Custom Designs,Architectural Expertise,Hands-On Craftsmanship",Manufacturer
NE Tiny Homes,Rhode Island,RI,USA,https://netinyhomes.com,Offers range of move-in-ready tiny homes with various customization options,"Move-In Ready,Customizable Models,Budget-Friendly",Manufacturer
Brady-Built,Rhode Island,RI,USA,https://tinyhousesbybrady.com,Offers custom eco-friendly tiny houses ranging from 21 to 31 feet,"Custom,Eco-Friendly Tiny Houses,RV or Stationary Options",Manufacturer
Beechwood Tiny Homes,Rhode Island,RI,USA,https://beechwoodtinyhomes.com,Specializes in building custom NOAH-certified THOW and foundation homes,"Custom NOAH-Certified THOW and Foundation Homes,Sustainable Living",Manufacturer
Green River Cabins,South Carolina,SC,USA,https://www.greenrivercabins.com,Offers cabin-style park models and small homes,"Park Models,Modular,Custom",Manufacturer
Green River Log Cabins,Campobello,SC,USA,https://trailsidestructures.com,Builds customizable log-style tiny homes using sustainable materials,"Custom Log Cabins,Modular Builds,Nationwide Delivery",Manufacturer
Westwood Cabins,Due West,SC,USA,https://www.westwoodcabins.com,Builds modular tiny homes designed for efficient living,"Modular Tiny Homes,Experienced Team,Fully Finished",Manufacturer
Mountain View Custom Log Cabins,Inman,SC,USA,https://www.mountainviewcustomlogcabins.com,Focuses on 400 sq. ft. log cabins designed for tiny living,"Tiny Cabins,Rustic Style,High Craftsmanship",Manufacturer
TreeHugger Customs,South Carolina,SC,USA,https://www.treehuggercustoms.com,Uses high-end reclaimed wood and materials to build creative eco-conscious tiny homes,"Reclaimed Materials,Unique Builds,Handcrafted",Manufacturer
Southern Comfort Tiny Homes,Greenville,SC,USA,https://socotinyhomes.com,Offers stylish and compact homes with charming finishes,"Custom Tiny Homes,Nationwide Delivery,Southern Charm",Manufacturer
Roughcut Tinyhomes,Conway,SC,USA,https://www.facebook.com/Roughcuttinyhomes,Builds custom tiny homes with focus on rustic finishes,"Handcrafted Tiny Homes,Rustic Designs,Local Builder",Manufacturer
Firefly Tiny Homes,Spartanburg,SC,USA,https://fireflytiny.com,Brings 25+ years of experience to design and build personalized tiny homes,"Design-Build,Custom Features,Local Expertise",Manufacturer
Dakota Cabins LLC,Jamestown,SD,USA,https://dakcab.com,Specializes in crafting custom tiny homes ADUs and cabins,"Custom Tiny Homes,ADUs,Cabins",Manufacturer
Builders Solutions LLC,Sioux Falls,SD,USA,https://builderssolutions.com/service/tiny-homes,Offers custom tiny homes with variety of style and size options,"Custom Tiny Homes,Portable Buildings,Various Sizes",Manufacturer
Outpost 1875,South Dakota,SD,USA,https://outpost1875.com,Designs and manufactures modern prefabricated tiny homes,"Prefab Tiny Homes,Modern Design,Sustainable Living",Manufacturer
Custom Touch Homes,Madison,SD,USA,https://www.customtouchhomes.com,Builds structures customized to client specifications,"Modular Homes,Custom Designs,One-Piece Construction",Manufacturer
Wind River Built,Chattanooga,TN,USA,https://www.windriverbuilt.com,One of nation's leading tiny home builders known for luxury custom builds,"Custom Builds,Modular & Tiny Homes,Design-Driven",Manufacturer
Incredible Tiny Homes,Newport,TN,USA,https://incredibletinyhomes.com,Offers some of most affordable tiny homes in U.S.,"Affordable Tiny Homes,Community Focus,Custom Layouts",Manufacturer
Hilltop Structures,Dickson,TN,USA,https://hilltopstructures.com/tiny-homes,Builds park model tiny homes with modern amenities,"Park Model Tiny Homes,RVIA Certified,Ready to Move In",Manufacturer
Tennessee Tiny Homes,Eads,TN,USA,https://www.facebook.com/TennesseeTinyHomes,Has been around since early tiny house movement offering fully customized homes,"THOW,Custom Builds,Experienced Team",Manufacturer
Providence Building Group,White House,TN,USA,https://buildwithprovidence.com/tiny-homes,Specializes in tiny and container homes,"Container & Tiny Homes,Veteran-Owned,Turnkey Options",Manufacturer
Clayton Homes,Maryville,TN,USA,https://www.claytonhomes.com,Well-known modular and manufactured home company offering small-footprint options,"Modular & Manufactured Homes,Energy-Efficient,Nationwide",Manufacturer
Timbercraft Tiny Homes,Tennessee,TN,USA,https://timbercrafttinyhomes.com,Creates high-end handcrafted tiny homes,"Luxury Tiny Homes,Custom Builds,RVIA Certified",Manufacturer
Saddlebrooke,Texas,TX,USA,https://saddlebrookelife.com,Specializes in designing and building high-quality sustainable homes and sheds,"Custom,Modular,Fast turn-around",Manufacturer
Texas Tiny Homes,Texas,TX,USA,https://www.texastinyhomes.com,Designs custom homes with Texas-sized charm,"Custom Builds,Modern,Energy-Efficient",Manufacturer
Indigo River Tiny Homes,Dallas,TX,USA,https://www.indigorivertinyhomes.com,Crafts high-quality sustainable tiny homes,"Custom Builds,Eco-Friendly,Veteran-Owned",Manufacturer
Smith Quality Buildings,Greenville,TX,USA,https://smithqualitybuildings.com,Builds custom tiny homes and converts sheds into livable homes,"Custom Tiny Homes,Sheds to Homes,Additions",Manufacturer
Little Homes of Texas,Conroe,TX,USA,https://littlehomesoftexas.com,Offers fully built tiny homes with financing real estate assistance,"Financing Available,Custom Builds,Delivery & Setup",Manufacturer
Decathlon Tiny Homes,Texas,TX,USA,https://decathlontinyhomes.com,Builds beautiful durable tiny homes with several models,"Custom Tiny Homes,RVIA Certified,Nationwide Delivery",Manufacturer
Lifespark Homes,Clyde,TX,USA,https://lifesparkconstruction.com,Creates custom tiny homes and mobile spaces,"Custom Tiny Homes,Van & Bus Conversions,Mobile Business Units",Manufacturer
Texas Built Tiny Homes,Texas,TX,USA,https://www.texasbuilttinyhomes.com,Offers range of small and tiny homes including park models,"Park Models,Custom Floor Plans,Affordable Builds",Manufacturer
Factory Showcase Homes LLC,Mansfield,TX,USA,https://www.factoryshowcasehomes.com,Offers park model homes built in controlled indoor facility,"Indoor-Built Park Models,Custom Layouts,RVIA Certified",Manufacturer
NOMAD Tiny Homes,Dripping Springs,TX,USA,https://nomadtinyhomes.com,Crafts high-quality NOAH and ANSI 119.5 compliant tiny homes,"Custom Builds,NOAH & ANSI Certified,Multiple Models",Manufacturer
Pratt Homes,Tyler,TX,USA,https://prattmodular.com/homes/tiny-houses,Offers large selection of tiny houses and custom designs,"Tiny Houses,Custom Designs,Extensive Inventory",Manufacturer
Majestic Hills Tiny Homes,Willis,TX,USA,https://majestichillstinyhomes.com,Provides tiny home sales within community setting,"Community Living,Amenities,Home Sales",Manufacturer
Legacy Housing Corporation,Bedford,TX,USA,https://legacyhousing.com,Public company specializing in mobile and manufactured homes,"Manufactured Homes,Modular Homes,Financing Options",Manufacturer
Zion's Tiny Homes,Utah,UT,USA,https://www.zionstinyhoes.com,Offers high-end finishes and variety of models,"Luxury,Park Models,THOW",Manufacturer
Irontown Homes,Spanish Fork,UT,USA,https://www.irontownhomes.com,Offers modular small homes with luxury features,"Modular Tiny Homes,High-End Finishes,Multi-State Service",Manufacturer
Zip Kit Homes,Cedar City,UT,USA,https://www.zipkithomes.com,Offers small prefab homes and cabins designed for quick assembly,"Prefab Builds,Energy Efficient,Fast Assembly",Manufacturer
Nordic Tiny Homes,Lindon,UT,USA,https://www.nordictinyhomes.com,Builds energy-efficient tiny homes for mountain climates,"Cold-Weather Ready,Energy Efficient,Custom Layouts",Manufacturer
Carefree Homes,West Valley City,UT,USA,https://www.carefreehomes.biz,Served Utah for decades with manufactured and modular homes,"Tiny & Modular Homes,Variety of Floor Plans,Trusted Builder",Manufacturer
Spring Mountain Tiny Homes,Layton,UT,USA,https://www.springmountaintinyhomes.com,Crafts durable affordable tiny homes with flexible floor plans,"Veteran-Owned,NOAH Certified,Custom Builds",Manufacturer
Foxie Tiny Homes,Utah,UT,USA,https://www.foxietinyhomes.com,Husband and wife team building custom tiny homes and backyard units,"Custom Tiny Homes,ADUs,Family-Owned",Manufacturer
Nest Tiny Homes,Utah,UT,USA,https://nest-tinyhomes.com,Builds ADUs and helps convert garages into livable tiny homes,"Garage Conversions,Detached ADUs,Full-Service Design",Manufacturer
Wheelhaus,Wyoming,WY,USA,https://www.wheelhaus.com,Serves Utah with high-end modular tiny homes,"Luxury Modular Tiny Homes,Rustic-Modern Style,Sustainable",Manufacturer
Roll'en Homes LLC,Townshend,VT,USA,https://www.rollenhomes.com,Designs and builds elegant customizable tiny homes on wheels,"Custom Tiny Homes on Wheels,Free In-State Delivery",Manufacturer
Jamaica Cottage Shop,South Londonderry,VT,USA,https://jamaicacottageshop.com,Provides variety of prefab tiny houses and DIY kits,"Prefab Tiny Houses,DIY Kits,Custom Designs",Manufacturer
TimberHomes Vermont,Montpelier,VT,USA,https://timberhomesllc.com,Specializes in timber frame construction creating sustainable tiny homes,"Timber Frame Tiny Homes,Sustainable Materials,Custom Builds",Manufacturer
Mountain Logworks,Waterford,VT,USA,https://mountainlogworks.com,Focuses on handcrafted log cabin-style tiny homes,"Log Cabin Tiny Homes,Handcrafted Designs,Custom Builds",Manufacturer
House in the Woods LLC,Ripton,VT,USA,http://www.houseinthewoodsvt.com,Builds custom tiny homes with focus on sustainability and energy efficiency,"Custom Tiny Homes,Sustainable Practices,Energy Efficient",Manufacturer
Beechwood Tiny Homes,New England,VT,USA,https://beechwoodtinyhomes.com,Specializes in building custom NOAH-certified THOW and foundation-based tiny homes,"Custom THOW and Foundation-Based Tiny Homes,NOAH Certified",Manufacturer
Tiny House Building Company,Fredericksburg,VA,USA,https://www.tinyhousebuildingcompany.com,Builds fully customizable tiny homes on wheels with RVIA certification,"Custom THOW,RVIA Certified,Nationwide Delivery",Manufacturer
Build Tiny,Berryville,VA,USA,https://www.build-tiny.com,Focuses on energy-efficient tiny homes and shells,"Custom Tiny Homes,Shells Available,Energy-Efficient Design",Manufacturer
Seattle Tiny Homes,Washington,WA,USA,https://www.seattletinyhomes.com,Custom tiny homes built with sustainability and Pacific Northwest lifestyle in mind,"THOW,Modular,Off-Grid Options",Manufacturer
Handcrafted Movement,Washington,WA,USA,https://www.handcraftedmovement.com,Known for magazine-worthy modern tiny homes on wheels,"Modern,Designer,THOW",Manufacturer
West Coast Homes,Washington,WA,USA,https://www.westcoast-homes.com,Specializes in crafting premier tiny homes park models ADUs and modular homes,"Custom Tiny Homes,Park Models,Modular Homes",Manufacturer
Johnston Contracting Services,Washington,WA,USA,https://jcsbuilt.com,Offers prefabrication design and engineering services,"Prefab Tiny Homes,Design & Engineering Services",Manufacturer
Wolf Industries,Battle Ground,WA,USA,https://wolfind.com,Provides affordable scalable prefab tiny homes and modular ADUs,"Prefab Tiny Homes,Modular ADUs,Full-Service Contractor",Manufacturer
GreenPod Development LLC,Port Townsend,WA,USA,https://www.greenpoddevelopment.com,Focuses on eco-friendly tiny homes with sustainable designs,"Sustainable Tiny Homes,Green Building Practices",Manufacturer
Tiny Mountain Houses,Fall City,WA,USA,https://www.tinymountainhouses.com,Offers quality custom-built tiny homes on wheels,"Custom Tiny Homes on Wheels,Various Models",Manufacturer
Carriage Houses NW,Marysville,WA,USA,https://carriagehousesnw.com,Builds tiny homes on wheels providing transportable living solutions,"Tiny Homes on Wheels,Transportable Living Solutions",Manufacturer
Seattle Tiny Homes,Seattle,WA,USA,https://seattletinyhomes.com,Creates engineered tiny homes designed to meet or exceed ANSI standards,"Lifetime Designed Tiny Homes,ANSI Certified",Manufacturer
Backcountry Tiny Homes,Washington,WA,USA,https://www.backcountrytinyhomes.com,Designs and builds both custom tiny homes and offer ready-made models,"Custom Tiny Homes,Available Models",Manufacturer
Larson Tiny Homes,Washington,WA,USA,https://larsontinyhomes.com,Provides affordable customizable modern manufactured homes,"Affordable Modern Manufactured Homes,Customizable Designs",Manufacturer
Almost Heaven Tiny Homes,West Virginia,WV,USA,https://almostheaventiny.com,Builds custom tiny homes and offers space for DIY builders,"Custom Tiny Homes,DIY Build Space Available",Manufacturer
Middletown Homes,West Virginia,WV,USA,https://www.middletownhomeswv.com,Offers range of small home models including park models and modular tiny homes,"Tiny Homes,Modular & Manufactured Options",Manufacturer
Mountain State Log Homes,Jane Lew,WV,USA,https://mountainstateloghomes.com,Offers handcrafted log cabins with flexible layouts,"Log Cabins,Custom Layouts,Rustic Designs",Manufacturer
Tiny Haven,Harpers Ferry,WV,USA,https://tinyhavenliving.com,Focuses on restoring and selling unique tiny homes and glamping units,"Tiny House Sales,Renovated Units,Former Retreat Site",Manufacturer
Build Tiny,Springfield,WV,USA,https://build-tiny.com,Offers hands-on workshops and builds custom tiny homes,"Tiny Home Workshops,Custom Designs,DIY Education",Manufacturer
No Boundaries Tiny Homes,Eau Claire,WI,USA,https://noboundariestinyhomes.com,Crafts custom tiny homes using reclaimed architectural salvage,"Custom Builds,Reclaimed Materials,Eco-Friendly",Manufacturer
Wisconsin Tiny Homes,Elroy,WI,USA,https://www.wisconsintinyhomes.com,Small family-run business focused on providing high-quality affordable tiny homes,"Affordable Builds,Family-Owned,Personalized Service",Manufacturer
Boundless Tiny Homes,Madison,WI,USA,https://www.boundlesstinyhomes.com,Specializes in building ADUs and backyard cottages,"ADUs,Backyard Cottages,Design & Build",Manufacturer
Escape Traveler,Rice Lake,WI,USA,https://www.escapetraveler.net,Nationally recognized builder creating beautifully designed tiny homes on wheels,"Modern Tiny Homes,RVIA Certified,Nationwide Delivery",Manufacturer
Dickinson Homes,Michigan,MI,USA,https://dickinsonhomes.com/tiny-homes,Delivers to Wisconsin and offers modular small home options,"Modular Builds,Custom Layouts,Midwest Delivery",Manufacturer
Monk Construction LLC,Northern Wisconsin,WI,USA,https://monkconstructionllc.com,Offers tiny homes and cabins with rustic finish,"Cabins,Tiny Homes,Northwoods Craftsmanship",Manufacturer
Mountain West Modulars,Afton,WY,USA,https://www.mwmodulars.com/tiny-homes,Offers tiny homes and park models from top builders,"Tiny Homes,Park Models,Modular Builds",Manufacturer
Wheelhaus,Jackson Hole,WY,USA,https://www.wheelhaus.com,Builds high-end modular tiny homes,"Luxury Modular Homes,Rustic-Modern,Eco-Friendly",Manufacturer
Snake River Tiny Homes,Wyoming,WY,USA,https://snakerivertinyhomes.com/wyoming-tiny-homes,Provides affordable tiny homes and park models,"Park Models,Affordable Builds,Investment-Friendly",Manufacturer
Pacific West Tiny Homes Inc,Casper,WY,USA,https://www.pacificwesttinyhomes.com,Specializes in tiny home certification and consulting,"THOW Certification,Consulting Services",Manufacturer